,T (seconds),VPD (seconds),LAI,,,
1,5996,5835,0.83868,,,
2,1063.4,3107.3,0.72108,,,
3,4824,10566,0.82461,,,
4,6582.3333,6487.5,0.77343,,,
5,2437.5,6921,0.75283,,,
7,518.3333,601.666667,0.62785,,,
8,5730,11336,0.77419,,,
9,8787,11379,0.84351,,,
10,473,3787.6,0.68723,,,
11,7162.5,12420,0.75663,,,
12,4850.5,8182.8,0.68966,,,