site,LAI,T differences,VPD differences
1,0.83868,1.22006,3.38037
2,0.72108,0.56945,2.299386
3,0.82461,1.01147,2.80054
4,0.77343,0.47742,1.07875
5,0.75283,1.13690,2.41115
7,0.62785,0.116714,-0.03493
8,0.77419,1.38597,3.83955
9,0.84351,1.81619,4.30584
10,0.68723,0.2649226,0.911355
11,0.75663,0.74115,2.34138
12,0.68966,0.58400,1.2336